Amount Stolen (crypto),City,Closed,Company Name,Country,Details,F14,F15,F3,Link,Month,Type of Crypto Affected,Year,Amount Stolen (USD),Amount Today (19/11/2021)
,Seoul,Yes,Youbit,South Korea,,,,01-Dec-17,https://www.coindesk.com/markets/2017/12/19/bitcoin-exchange-youbit-to-declare-bankruptcy-after-hack/,December,,2017,,
,,No,Poly Network,China,Hacker returned all of the money,https://www.theverge.com/2021/8/23/22638087/poly-network-600-million-stolen-crypto-hack-restored-defi,https://currency.com/how-safe-is-my-crypto-stash,01-Aug-21,https://www.cnbc.com/2021/08/23/poly-network-hacker-returns-remaining-cryptocurrency.html,August,"Ethereum (ETH),
Binance Tokens,
Dogecoin (DOGE)
Tether (USDT)",2021,610000000,610000000
"500,000,000",Tokyo,No,Coincheck,Japan,,https://bitcoinmagazine.com/business/following-massive-cryptocurrency-hack-coincheck-pledges-improve-operations-refund-losses,,01-Jan-18,https://www.comparitech.com/crypto/biggest-cryptocurrency-heists/,January,NEM (XEM),2018,532000000,91446544
"850,000",Shibuya,Yes,MT Gox,Japan,,https://www.coindesk.com/markets/2014/05/31/why-professional-audits-are-essential-in-a-post-gox-world/,,01-Feb-14,https://www.comparitech.com/crypto/biggest-cryptocurrency-heists/,February,BitCoin (BTC),2014,470000000,48461900000
"2015 (BTC)
11480 (ETH)
14713 (BSV)
26733 (LTC)
18495798 (XRP)
9588383 (XLM)
199038936 (TRX)
999160 (USDT)",,No,KuCoin,Singapore,,https://www.reuters.com/article/us-northkorea-sanctions-cyber-idUSKBN2AA00Q,,01-Sep-20,https://www.coindesk.com/markets/2020/09/26/over-280m-drained-in-kucoin-crypto-exchange-hack/,September,"Bitcoin (BTC)
Ethereum (ETH)
Bitcoin SV (BSV)
Litecoin (LTC)
XRP (XRP)
Stellar Lumens (XLM)
Tron (TRX)
Tether (USDT)",2020,281000000,212633812.8
"697000 (BUNNY)
114000 (BNB)",Massachusetts,No,PancakeBunny,United States,Flash Loan,,,01-May-21,https://cointelegraph.com/news/pancakebunny-tanks-96-following-200m-flash-loan-exploit,May,PancakeBunny (BUNNY),2021,200000000,
"17,000,000",Signa,Yes,BitGrail,Italy,Founder had something to do with it,https://cointelegraph.com/news/bitgrail-s-founder-contributed-to-150m-loss-italian-authorities-allege,,01-Feb-18,https://www.comparitech.com/crypto/biggest-cryptocurrency-heists/,February,Nano (XRB)(NANO),2018,170000000,81940000
,Warsaw,No,Cream Finance,Poland,Flash loan,,,01-Oct-21,https://therecord.media/hackers-steal-130-million-from-cream-finance-the-companys-3rd-hack-this-year/,October,(See link),2021,130000000,130000000
109 (ERC-20),,Yes,CoinBene,Singapore,Claimed they were never hacked,,,01-Mar-19,https://cointelegraph.com/news/over-100-million-missing-coinbene-claims-maintenance-a-month-of-questions-point-toward-a-hack,March,"ERC-20
Huobipool Token (HPT)
Pundi X (NPSX)
Maximine Coin (MXM
Udoo (UDOO)",2019,105000000,105000000
"32500000 USD (ETH) (10211.45568 ETH*)
12900000 USD (XRP) (10463984.43 XRP*)
4800000 USD (BTC) (84.55914736 BTC*)
200000 USD (TRX) (1992031.873 TRX*)
9200000 USD (Stablecoins)
32700000 USD (Other)",Tokyo,No,Liquid,Japan,,,,01-Aug-21,https://www.zdnet.com/article/more-than-97-million-stolen-from-liquid-cryptocurency-exchange/,August,"Ether (ETH),
XRP (XRP)
Bitcoin (BTC)
Tron (TRX)
Stablecoins
Other",2021,97000000,101010653.4
"2980000 (EZ)
6000000 (USD)
6000000 USD (DAI)
6000000 USD (USDT)",Gurgaon,No,EasyFi,India,,,,01-Apr-21,https://halborn.com/explained-the-easyfi-hack-april-2021/,April,"EASY Tokens (EZ)
US Dollar (USD)
Dai (DAI)
Tether (USDT)",2021,81000000,30933200
"119,756",Taipei,No,Bitfinex,Taiwan,,,,01-Aug-16,https://www.comparitech.com/crypto/biggest-cryptocurrency-heists/,August,Bitcoin (BTC),2016,72000000,6827768584
"4,700",Maribor,No,NiceHash,Slovenia,Bit mining company,,,01-Dec-17,https://www.comparitech.com/crypto/biggest-cryptocurrency-heists/,December,Bitcoin (BTC),2017,64000000,267965800
"2723.4 (BTC)
40360 (BCH)
5911859.3 (MONA)",Osaka,No,Zaif,Japan,,,,01-Sep-18,https://www.comparitech.com/crypto/biggest-cryptocurrency-heists/,September,"Bitcoin (BTC), 
Bitcoin Cash (BCH),
Monacoin (MONA)",2018,62000000,188405920
"3,600,000.0",London,Yes,The Dao,United Kingdom,,,,01-Jun-16,https://www.coindesk.com/learn/2016/06/25/understanding-the-dao-attack/,June,Ethereum (ETH),2016,55000000,15499620000
"342,000",Seoul,No,Upbit,South Korea,,,,01-Nov-19,https://www.comparitech.com/crypto/biggest-cryptocurrency-heists/,November,Ethereum (ETH),2019,50700000,1472463900
"36800000 USD (BNB,BUSD)
80 BTC
1800 (ETH)
26500 (DOT)
5700000 (USDT)
638000 (ADA)
112000 U92)",,Yes,Uranium Finance,/,,,,01-Apr-21,https://cointelegraph.com/news/50m-reportedly-stolen-from-bsc-based-uranium-finance,April,"Binance Coin (BNB)
Binance USD (BUSD)
Bitcoin (BTC)
Ethereum (ETH)
Polkadot (DOT)
Tether (USDT)
Cardano (ADA)
U92 Token (U92)",2021,50000000,56756520
"7,000",,No,Binance,Cayman Islands,,,,01-May-19,https://www.comparitech.com/crypto/biggest-cryptocurrency-heists/,May,Bitcoin (BTC),2019,40000000,399098000
,Seoul,No,Coinrail,South Korea,,https://news.bitcoin.com/hacked-korean-crypto-exchange-restart-service-controversies/,,01-Jun-18,https://www.zdnet.com/article/south-korean-cryptocurrency-exchange-hack-sees-40m-in-altcoin-stolen/,June,"Pundi X (NPXS)
Aston (ATX)
Nper (NPER)",2018,40000000,40000000
,"Bangkok
Warsaw",No,"Alpha Finance Lab
Cream Finance",Thailand,Flash Loan,https://blog.alphafinance.io/alpha-homora-v2-post-mortem/,,01-Feb-21,https://cointelegraph.com/news/alpha-homora-loses-37-million-following-iron-bank-exploit,February,sUSD,2021,37000000,37000000
"213.93 (BTC)
8804.7 (ETH)",Arizona,No,Vee FInance,United States,,,,01-Sep-21,https://www.coindesk.com/tech/2021/09/21/vee-finance-hit-for-35m-in-second-major-exploit-on-avalanche/,September,"Bitcoin (BTC)
Ethereum (ETH)",2021,35000000,50105200.6
"1225 (BTC)
1985 (BCH)
5108 (LTC)
28000000 XRP)
11169 (ETH)",,No,BITpoint,Japan,,https://cointelegraph.com/news/most-significant-hacks-of-2019-new-record-of-twelve-in-one-year,https://selfkey.org/list-of-cryptocurrency-exchange-hacks/,01-Jul-19,https://www.zdnet.com/article/bitpoint-cryptocurrency-exchange-hacked-for-32-million/,July,"Bitcoin (BTC)
Bitcoin Cash (BCH)
Litecoin (LTC)
Ripple (XRP)
Ethereum (ETH)",2019,32000000,147166421.4
"13960000 (BUSD)
73653 (BNB)",,No,Meerkat FInance,/,There's a chance it was an exit scam,https://coincodex.com/article/10890/how-binance-security-team-helped-recover-30m-funds-from-meerkat-finance-hack/,https://cointelegraph.com/news/dev-says-31-million-meerkat-finance-exploit-was-a-test-will-return-funds,01-Mar-21,https://www.nasdaq.com/articles/defi-project-meerkat-raises-eyebrows-with-claimed-%2431m-hack-a-day-after-launch-2021-03-04,March,"Binance USD (BUSD)
Binance Coin (BNB)",2021,31000000,58747581.3
,Seoul,No,Bithumb,South Korea,,,,01-Jun-18,https://www.zdnet.com/article/bithumb-cryptocurrency-exchange-hacked-a-third-time-in-two-years/,June,Ripple (XRP),2018,31000000,31000000
,,No,Spartan Protocol,/,Flash Loan,,,01-May-21,https://halborn.com/explained-the-spartan-protocol-hack-may-2021/,May,"Spartan Protocol (SPARTA)
Wrapped Binance Coin (WBNB)",2021,30000000,30000000
"? (BTC)
100 (ETH)",,Yes,CoinBin,South Korea,Wasn't a hack it was employee embezzlement,,,01-Feb-19,https://cointelegraph.com/news/south-koreas-coinbin-files-for-bankruptcy-with-26-mln-loss-cites-employee-embezzlement,February,"Bitcoin (BTC)
Ethereum (ETH)",2019,26000000,26000000
"3,469",,Yes,Lendf.me (dForce),/,Hackers did end up returning the funds after their IP address was discovered,https://www.zdnet.com/article/hackers-steal-25-million-worth-of-cryptocurrency-from-uniswap-and-lendf-me/,,01-Apr-20,https://techdator.net/uniswap-and-lenf-me-lost-over-25-million-worth-cryptocurrency/,April,The Tokenized Bitcoin (IMBTC),2020,24500000,197712469.7
"8000000 USD (SNX) (455,580.87 SNX*)
6000000 (BNT)",San Francisco,No,xToken,United States,Flash Loan,,12th may,01-May-21,https://www.coindesk.com/markets/2021/05/12/defi-protocol-xtoken-suffers-245m-exploit/,May,"Synthetix (SNX)
Bancor (BNT)",2021,24500000,27241412.3
,,No,Harvest Finance,/,Flash Loan,,,01-Oct-20,https://www.coindesk.com/tech/2020/10/26/harvest-finance-24m-attack-triggers-570m-bank-run-in-latest-defi-exploit/,October,"USD Coin (USDC)
Tether (USDT)",2020,24000000,24000000
"12500000 USD (ETH) (23742.59231 ETH*)
1000000 USD (NPXS) (145369966.6 NPXS*)
10000000 USD (BNT) (2825257.805 BNT*)",Zug,No,Bancor,Switzerland,,,,01-Jul-18,https://techcrunch.com/2018/07/10/bancor-loses-23-5m/,July,"Ethereum (ETH)
Pundi X (NPXS)
Bancor (BNT)",2018,23500000,312595671.8
1980,Berlin,No,Electrum Wallet,Germany,,,,01-Oct-20,https://coingeek.com/hackers-steal-over-22-million-via-electrum-wallet/,October,Bitcoin (BTC),2020,22000000,112887720
,,No,Popsicle Finance,/,,,,01-Aug-21,https://www.coindesk.com/markets/2021/08/04/popsicle-finance-loses-207m-in-cyberattack/,August,"USD COin (USDC)
Thether (USDT)
Others",2021,20700000,20700000
"19,700,000",,No,Pickle Finance,/,Flash Loan?,,,01-Nov-20,https://www.coindesk.com/markets/2020/11/22/defi-protocol-pickle-finance-token-loses-almost-half-its-value-after-197m-hack/,November,Dai (DAI),2020,19700000,19700000
"3000000 (EOS)
20000000(XRP)",Seoul,No,Bithumb,South Korea,,,,01-Mar-19,https://www.zdnet.com/article/bithumb-cryptocurrency-exchange-hacked-a-third-time-in-two-years/,March,"EOS (EOS)
Ripple (XRP)",2019,19400000,31132160
"1308.09 (ETH)
418,311,571 (AMP)",Warsaw,No,Cream Finance,Poland,Flash Loan,,,01-Aug-21,https://cointelegraph.com/news/cream-finance-defi-platform-loses-19m-in-a-flash-loan-hack,August,"Ethereum (ETH)
Amp (AMP)",2021,18800000,26091657.4
"388,000",New York,No,Bitcoin Gold,United States,It was a cryptocurrency not a exchange that was hacked,,,01-May-18,https://www.zdnet.com/article/bitcoin-gold-delisted-from-major-cryptocurrency-exchange-after-refusing-to-pay-hack-damages/,May,Bitcoin Gold (BTG),2018,18000000,21126600
,Christchurch,Yes,Cryptopia,New Zealand,,,,01-Jan-19,https://cointelegraph.com/news/most-significant-hacks-of-2019-new-record-of-twelve-in-one-year,January,,2019,16002108,16002108
"11000000 USD (DEFI5) (123,971.6 DEFI5*)
5000000 USD (CC10) (80000 CC10*)",,No,Indexed Finance,/,Flash loan,,,01-Oct-21,https://cryptobriefing.com/defi-protocol-indexed-finance-suffers-16m-exploit/,October,"DEFI5
CC10",2021,16000000,133889.3
"53,571,429",,No,Eminence,South Africa,8 million was returned,,,01-Sep-20,https://decrypt.co/43203/hackers-drain-15-million-from-unreleased-yearn-finance-project,September,Eminence tokens (EMN),2020,15000000,0
"3,844",Los Angeles,No,Rari Capital,United States,,,,01-May-21,https://www.coindesk.com/markets/2021/05/08/rari-capital-reports-exploit-in-eth-pool-15m-taken/,May,Ethereum (ETH),2021,15000000,16548178.8
,,No,Furucombo,Singapore,,,,01-Feb-21,https://www.theblockcrypto.com/linked/96572/defi-building-block-service-furucombo-exploited-for-14m,February,"Ethereum (ETH)
ERC-20",2021,14000000,14000000
277,"Chiasso
Panevėžys",No,pNetwork,"Switzerland
Lithuania",,,,01-Sep-21,https://decrypt.co/81301/defi-bridging-protocol-pnetwork-suffers-12-million-hack,September,Bitcoin (BTC),2021,12500000,15792878
"513000 (DAI)
1700000 (USDT)",,No,Yearn Finance,South Africa,,,,01-Feb-21,https://cointelegraph.com/news/curve-liquidity-providers-see-3m-windfall-from-11m-yearn-finance-exploit,February,"Dai (DAI)
Tether (USDT)",2021,11000000,11000000
,,No,bEarn Fi,/,Flash Loan,,,01-May-21,https://cryptoslate.com/defi-platform-bearn-fi-promises-105-compensation-after-10-million-hack-but-is-it-the-right-thing/,May,Binance USD (BUSD),2021,10850000,10850000
"23,200,000","London
Ljubljana",No,GateHub,United Kingdom,,,,01-Jun-19,https://www.theblockcrypto.com/linked/26370/hackers-stole-as-much-as-10m-in-ripple-in-a-gatehub-hack,June,XRP (XRP),2019,10000000,22471705.6
"13000 (BTC)
300000 (LTC)",Florida,Yes,Cryptsy,United States,Coinbase paid customers due to allegedly failing to stop the laundering of stolen funds,,,01-Jul-14,https://www.theblockcrypto.com/linked/52837/coinbase-offers-nearly-1-million-settlement-to-cryptsy-victims-following-class-action-lawsuit,July,"Bitcoin (BTC)
Litecoin (LTC)",2014,9580000,800126000
"373,000,000",Tallinn,No,Bondly Finance,Estonia,Potential Rug pull,,,01-Jul-21,https://halborn.com/explained-the-bondly-finance-hack-july-2021/,July,Bondly (BONDLY),2021,9276510,70546982
"2995824.7 (USDC)
3000022.8 (USDT)
2954191.5 (DAI)",,No,Punk Protocol,/,A white Hat hacker recovered 6 million and returned 5 million after agreeing 1 million as a fee,https://rekt.news/punkprotocol-rekt/,,01-Aug-21,https://medium.com/punkprotocol/punk-finance-fair-launch-incident-report-984d9e340eb,August,"USD COin (USDC)
Thether (USDT)
Dai (DAI)",2021,8900000,8900000
3765.1,Zug,No,THORChain,Switzerland,It was a white hat hacker so everything was returned for a 10% bounty,,,01-Jul-21,https://cointelegraph.com/news/possible-white-hat-hacker-exploits-thorchain-for-8m-proposes-10-bounty,July,Ethereum (ETH),2021,8000000,16210431.2
"219200 (LINK)
4503 (ETH)
1756351 (USDT)
1412048 (USDC)
667989 (DAI)",Atlanta,No,bZx,United States,The hacker was caught and all funds were returned,,,01-Sep-20,https://www.theblockcrypto.com/post/77656/defi-protocol-bzx-attacked-lost-8-million-faulty-code,September,"Chainlink (LINK)
Ethereum (ETH)
Tether (USDT)
USD coin (USDC)
Dai (DAI)",2020,8000000,28632193.8
370000,London,No,Nexus Mutual,United Kingdom,,,,01-Dec-20,https://halborn.com/explained-nexus-mutual-ceo-hacked-for-8-million-in-cryptocurrency-dec-2020/,December,Nexus Mutual Token (wNVM),2020,8000000,52850800
"3850000 (DAI)
3920000 (USDC)",,No,Warp Finance,/,"Flash Loan
5.8 million was recovered",https://decrypt.co/52125/warp-finance-recovers-5-8-million-days-after-hack,,01-Dec-20,https://www.theblockcrypto.com/linked/88415/defi-warp-finance-attacked-lost-7-7-million-stablecoins,December,"Dai (DAI)
USD Coin (USDC)",2020,7700000,7700000
"4,000",Zug,No,THORChain,Switzerland,,,,01-Jul-21,https://cointelegraph.com/news/thorchain-loses-7-6m-in-chaosnet-exploit-offers-hacker-a-bounty-to-return-funds,July,Ethereum (ETH),2021,7600000,17221800
,,No,BurgerSwap,Cayman Islands,Flash Loan,,,01-May-21,https://www.theblockcrypto.com/post/106457/missing-line-of-code-leads-to-7-2-million-exploit-of-dex-burgerswap,May,"Wrapped BNB (WBNB)
Ethereum (ETH)
Burger Swap Tokens (BURGER)
Other",2021,7200000,7200000
,,No,DragonEx,Singapore,,https://cointelegraph.com/news/most-significant-hacks-of-2019-new-record-of-twelve-in-one-year,,01-Mar-19,https://cryptonews.com/news/dragonex-hack-usd-7-million-in-crypto-stolen-compensations-i-3605.htm,March,"Bitcoin (BTC)
Ether (ETC)
XRP (XRP)
NEO (NEO)
Other",2019,7090000,7090000
"7,000,000",,No,Dao Maker,British Virgin Islands,,,,01-Aug-21,https://cointelegraph.com/news/dao-maker-crowdfunding-platform-loses-7m-in-latest-defi-exploit,August,USD Coin (USDC),2021,7000000,6982087
,Seoul,No,Bithumb,South Korea,,,,01-Jun-17,https://www.zdnet.com/article/bithumb-cryptocurrency-exchange-hacked-a-third-time-in-two-years/,June,"Bitcoin (BTC)
Ethereum (ETH)",2017,7000000,7000000
,San Francisco,No,Origin Protocol,United States,Flash Loan,,,01-Nov-20,https://www.coindesk.com/markets/2020/11/17/origin-protocol-loses-7m-in-latest-defi-attack/,November,Origin Dollar (OUSD),2020,7000000,7000000
"1,100,000,000",Central Region,No,VeChain,Singapore,,,,01-Dec-19,https://cointelegraph.com/news/vechain-loses-11b-vet-tokens-to-hacker-in-attack-on-buyback-wallet,December,VET Tokens (VET),2019,6600000,127336000
"10000000 (FSN)
3500000 (ERC-20 FSN)",,No,Fusion Network,Singapore,,,,01-Sep-19,https://cointelegraph.com/news/fusion-networks-token-swap-wallet-compromised-fsn-price-plummets,September,"Fusion Tokens (FSN)
ERC-20 FSN tokens",2019,6400000,10304644.5
,Seoul,No,Belt Finance,South Korea,Flash Loan,,,01-May-21,https://halborn.com/explained-the-belt-finance-hack-may-2021/,May,"Binance USD (BUSD)
Tether (USDT)",2021,6300000,6300000
,,No,Value DeFi,/,Flash Loan,,,01-Nov-20,https://www.coindesk.com/markets/2020/11/14/value-defi-suffers-6m-flash-loan-attack/,November,"Dai (DAI)
USD Coin (USDC)",2020,6000000,6000000
,Edmonton,Yes,MapleChange,Canada,Many believe it was an exit scam as opposed to a hack,,,01-Oct-18,https://blockonomi.com/maplechange-hacked-scam/,October,"Bitcoin (BTC)
Litecoin (LTC)",2018,5900000,5900000
3000 (ETH),New York,No,Roll,United States,,,,01-Mar-21,https://www.theblockcrypto.com/linked/98261/roll-social-token-platform-exploit,March,"WHALE
Other Social tokens",2021,5700000,129163500
807260 (ETC),,No,OKEx,Seychelles,,,,01-Aug-20,https://decrypt.co/38957/how-the-ethereum-classic-hacker-stole-5-6-million-from-okex,August,"Ethereum Classic (ETC)
Z Cash (ZEC)",2020,5600000,38086526.8
"3945664 USD (ETH) (10719 ETH*)
471559 USD (XTZ) (182,527.19 XTZ*)
114954 USD (BTC) (11.09 BTC*)
406620 USD (ALGO) (979,335.26 ALGO*)
339573 USD (XRP) (1,394,550.31 XRP*)
45148 USD (TRX) (1,364,812.58 TRX*)",,Yes,Eterbase,Slovakia,,10 Sep 2020,,01-Sep-20,https://www.tripwire.com/state-of-security/featured/cryptocurrency-exchange-eterbase-hacked-5-4-million-worth-of-funds-stolen/,September,"Ethereum (ETH)
Tezos (XTZ)
Bitcoin (BTC)
Algorand (ALGO)
Ripple (XRP)
Tron (TRX)",2020,5400000,50797161.7
"3,816",,Yes,Yapizon,South Korea,"Coinbin, Youbit and Yazipan were all the same company",,,01-Apr-17,https://news.bitcoin.com/hacked-korean-bitcoin-exchange-yapizon-offers-ious/,April,Bitcoin,2017,5300000,217565424
"18,866",London,No,Bitstamp,United Kingdom,,,,01-Jan-15,https://www.coindesk.com/markets/2015/07/01/details-of-5-million-bitstamp-hack-revealed/,January,Bitcoin (BTC),2015,5263614,1075626124
"40,000,000,000,000,000,000",,Yes,Cover Protocol,United States,,,,01-Dec-20,https://www.theblockcrypto.com/post/89368/defi-protocol-cover-exploited-attackers-minted-at-least-40-quintillion-tokens,December,Cover Tokens (COVER),2020,5000000,5000000
"9300000 (XRP)
2500000 (ADA)",Centro Bianco,No,Bitrue,Singapore,,,,01-Jun-19,https://cointelegraph.com/news/singaporean-exchange-bitrue-gets-hacked-losing-5-million-in-xrp-cardano,June,"XRP (XRP)
Cardano (ADA)",2019,4737000,12933054.4
"6,734,007",Madrid,No,Eleven Finance,Spain,Flash Loan?,https://peckshield.medium.com/eleven-finance-incident-root-cause-analysis-123b5675fa76,,01-Jun-21,https://www.bsc.news/post/eleven-finance-faces-flashloan-attack-on-nrv-vaults-stealing-over-4-5-million,June,Nerve Finance (NRV),2021,4600000,783966.3
20000000 (WILD),Bangalore,No,ChainSwap,India,,,,01-Jul-21,https://decrypt.co/75698/chainswap-exploit-leads-to-multi-million-loss-for-defi-tokens,July,"Wilder World (WILD)
AntiMatter
OptionRoom 
UmbrellaBank
Nord 
Razor
Peri
Unido
Oro
Vortex
Blank
Unifarm",2021,4400000,4400000
,,No,Dao Maker,British Virgin Islands,,,,01-Sep-21,https://www.coinfirm.com/blog/dao-maker-hack/,September,"DeRace Token (DERC)
Capsule Coin (CAPS)
Showcase (SHO)
Coinspaid (CPD)",2021,4000000,4000000
,,No,Exmo,United Kingdom,,https://www.coindesk.com/markets/2020/12/25/uk-crypto-exchange-exmo-says-4m-of-hacked-funds-was-through-poloniex/,,01-Dec-20,https://cointelegraph.com/news/exmo-crypto-exchange-suffers-hack-halts-all-withdrawals,December,"Bitcoin (BTC)
Ethereum (ETH)
XRP (XRP)
Tether (USDT)
Zcash (ZEC)
Ethereum Classic (ETC)",2020,4000000,4000000
,,No,DODO,China,Flash Loan 1.89 million was returned,,,01-Mar-21,https://www.theblockcrypto.com/linked/97734/dodo-dex-exploit-bug-attack,March,"Tether (USDT)
Ethereum (ETH)",2021,3800000,3800000
30790 (ETH),Christchurch,Yes,Cryptopia,New Zealand,,,,01-Jan-19,https://www.ccn.com/newsflash-cryptopia-hacker-strikes-again-2-weeks-after-stealing-16-million-in-crypto/,January,Ethereum (ETH),2019,3500000,132564805.5
"3,894",Leicester,Yes,MintPal,United Kingdom,CEO ran off with all the customers money,,,01-Oct-14,https://www.ledger.com/remembering-the-mintpal-hack,October,Bitcoin (BTC),2014,3500000,227143776
,,Yes,Cheese Bank,/,Flash Loan,,,01-Nov-20,https://cointelegraph.com/news/cheese-bank-s-multi-million-dollar-hack-explained-by-security-firm,November,"USD coin (USDC)
Tether (USDT)
Dai (DAI)",2020,3300000,3300000
438,Delhi,No,CoinSecure,India,,,,01-Apr-18,https://securityaffairs.co/wordpress/71322/hacking/coinsecure-hacked.html,April,Bitcoin (BTC),2018,3300000,24972132
"4,500,000,000",,No,Zabu Finance,/,,,,01-Sep-21,https://www.coindesk.com/tech/2021/09/13/avalanche-based-zabu-finance-exploited-in-32m-hack/,September,ZABU tokens (ZABU),2021,3200000,480060
336,London,No,Cashaa,United Kingdom,,,,01-Jul-20,https://news.bitcoin.com/crypto-exchange-cashaa-loses-336-bitcoin-worth-3-million-to-hackers/,July,Bitcoin (BTC),2020,3100000,19156704
864.8,Tokyo,No,Sushi (sushiSwap),Japan,,,,01-Sep-21,https://www.pymnts.com/news/security-and-risk/2021/sushiswap-crypto-platform-victimized-by-3m-hack/,September,Ethereum (ETH),2021,3000000,3723353.2
"5,896",,No,PicoStocks,Marshall Islands,,https://coiniq.com/cryptocurrency-exchange-hacks/,,01-Nov-13,https://www.wired.com/2017/05/one-scrappy-startup-survived-early-bitcoin-wars/,November,Bitcoin (BTC),2013,3000000,336154544
2000 ETH,,No,PAID Network,Panama,,https://halborn.com/explained-the-paid-network-hack-march-2021/,,01-Mar-21,https://www.theblockcrypto.com/linked/97411/paid-network-token-minting-exploit-eth,March,PAID Network (PAID),2021,3000000,8610900
1281 ETH,Massachusetts,No,PancakeBunny,United States,Flash Loan,,,01-Jul-21,https://cryptoslate.com/bsc-defi-app-pancakebunny-releases-post-mortem-of-2-4-million-exploit/,July,"Polly Bunny
Ethereum (ETC)",2021,2400000,5515281.5
"8,550,000",Berlin,No,IOTA,Germany,,,,01-Feb-20,https://cointelegraph.com/news/iota-network-relaunched-following-trinity-wallet-theft,February,IOTA (MIOTA),2020,2000000,11713500
2000000 (DAI),,No,Akropolis,Gibraltar,Flash Loan,,,01-Nov-20,https://www.theblockcrypto.com/linked/84490/defi-project-akropolis-exploited-for-over-2-million,November,"YCurve (YCURVE)
sUSD (SUSD)",2020,2000000,2000000
"185000 (ETH)
250 (BTC)",,Yes,GateCoin,Hong Kong,,,,01-May-16,https://thenextweb.com/news/gatecoin-cryptocurrency-exchange-dead,May,"Ethereum (ETH)
Bitcoin (BTC)",2016,2000000,810761750
"8,000,000",Leicester,Yes,MintPal,United Kingdom,,,,01-Jul-14,https://www.coindesk.com/markets/2014/07/14/8-million-vericoin-hack-prompts-hard-fork-to-recover-funds/,July,Vericoin (VRC),2014,2000000,324942.7
,Massachusetts,No,PancakeHunny,United States,Flash loan,https://www.bsc.news/post/pancakehunny-suffers-flash-loan-attack-and-cataclysmic-price-drop,,01-Oct-21,https://medium.com/hunnyfinance/pancakehunny-incident-report-b5b74557b0ad,October,Hunny,2021,1900000,1900000
"7,170",,Yes,BTER,China,,,,01-Feb-15,https://www.coindesk.com/markets/2015/02/20/bter-unable-to-repay-customers-following-alleged-exchange-heist/,February,Bitcoin (BTC),2015,1750000,408790380
"51,670,000",,Yes,BTER,China,,,,01-Aug-14,https://www.coindesk.com/markets/2014/08/15/hackers-steal-165-million-in-nxt-from-bter-exchange/,August,NXT (NXT),2014,1650000,827974.5
"31.87 (RENBTC)
211 (ETH)",,No,BT Finance,/,Flash Loan,https://btfinance.medium.com/bt-finance-exploit-analysis-report-a0843cb03b28,,01-Feb-21,https://twitter.com/ico_analytics/status/1358891111863967746?lang=en,February,"renBTC (RENBTC)
Ethereum (ETH)",2021,1500000,2718442.9
2578.98 (ETH),,Yes,Taylor,/,,,,01-May-18,https://www.zdnet.com/article/all-of-cryptocurrency-trading-app-taylors-funds-have-been-stolen/,May,"Ethereum (ETC)
TAY Tokens",2018,1500000,11103669.4
"2,300",,Yes,Bitcurex,Poland,,,,01-Oct-16,https://news.bitcoin.com/bitcurex-forced-million-theft/,October,Bitcoin (BTC),2016,1500000,131132200
,Madrid,No,2gether,Spain,,,,01-Jul-20,https://cointelegraph.com/news/hackers-steal-over-13m-from-european-crypto-trading-platform,July,,2020,1390000,1390000
"27,516",,No,Growth Defi,/,Flash Loan?,,,01-Feb-21,https://rekt.news/the-big-combo/,February,Growth DeFi (GRO),2021,1300000,2409025.8
4100,,Yes,inputs.io,Australia,Foul play has been suggested,,,01-Oct-13,https://www.coindesk.com/markets/2013/11/07/hackers-steal-12-million-of-bitcoins-from-inputsio-a-supposedly-secure-wallet-service/,October,Bitcoin (BTC),2013,1200000,233757400
"100,000,000",,No,AutoShark Finance,/,Flash Loan,,,01-May-21,https://coingape.com/autoshark-finance-is-the-latest-victim-to-the-third-flash-loan-attack-on-binance-smart-chain-in-a-week/,May,PolyShark Finance (SHARK),2021,822800,223728
,Bangalore,No,ChainSwap,India,,,,01-Jul-21,https://chain-swap.medium.com/chainswap-post-mortem-and-compensation-plan-90cad50898ab,July,"Corra Finance (CORRA)
Rai Reflex Index (RAI)
Others",2021,800000,800000
234,Berlin,No,Electrum Wallet,Germany,,,,01-Dec-18,https://coingeek.com/hackers-steal-234-btc-electrum-wallets/,December,Bitcoin (BTC),2018,750000,13341276
"40,000,000",,No,HitBTC,Chile,,,,01-Aug-21,https://www.cointribune.com/en/analysis/cybersecurity/sentinel-network-reports-hitbtc-hacked-for-1m/,August,DVPN Tokens (DVPN),2021,730000,839115.2
"3,000",,Yes,Kipcoin,China,,,,01-Feb-15,https://www.newsbtc.com/news/chinese-bitcoin-exchange-kipcoin-shuts-claims-losing-3000-btc-hackers/,February,Bitcoin (BTC),2015,700260,171042000
"49000 MERL
(240 ETH)",,Yes,Merlin Lab,/,,https://coinfomania.com/bsc-merlin-lab-ceases-operation-token-dumps-to-0-2/,,01-May-21,https://rekt.news/merlinlabs-rekt/,May,Merlin (MERL),2021,680000,1033308
"125,585",,No,Wild Credit,/,,https://twitter.com/mudit__gupta/status/1397888546686398470?lang=en,,01-May-21,https://twitter.com/WildCredit/status/1397848317741002755,May,Bancor,2021,637000,498572.5
"2,378",Atlanta,No,bZx,United States,Flash Loan,,,01-Feb-20,https://newsletter.thedefiant.io/p/arbs-exploit-defi-to-make-900k-in,February,Ethereum (ETH),2020,600000,10238360.1
200 ETH,,Yes,Merlin Lab,/,,,,01-May-21,https://rekt.news/merlin2-rekt/,May,Band Protocol (BAND),2021,550000,861090
229.84 ETH,Palo Alto,No,Impossible Finance,United States,Flash Loan,,,01-Jun-21,https://decrypt.co/74105/binance-smart-chain-defi-project-impossible-finance-hacked,June,Impossible Finance (IF),2021,500000,989564.6
,Florida,No,Balancer,United States,Flash Loan,,,01-Jun-20,https://www.coindesk.com/markets/2020/06/29/hacker-drains-500k-from-defi-liquidity-provider-balancer/,June,"Weth (WETH)
Statera (STA)",2020,500000,500000
,,No,VinDax,Vietnam,,,,01-Nov-19,https://www.theblockcrypto.com/post/46408/little-known-asian-crypto-exchange-vindax-got-hacked-lost-half-a-million-usd-worth-of-tokens,November,23 different currencies,2019,500000,500000
"2,000,000",Central Region,No,Nuls,Singapore,,,,01-Dec-19,https://cointelegraph.com/news/hackers-grab-nearly-480k-from-blockchain-platform-nuls,December,Nuls Token (NULS),2019,480000,1059720
"14,800,000",,No,Force DAO,/,One of the attackers returned what he stole,https://cryptonetwork.news/force-dao-protocol-hacked/,,01-Apr-21,https://www.coindesk.com/markets/2021/04/04/defi-hedge-fund-force-dao-attacked-force-token-plunges/,April,Force Dao (DAO),2021,376000,126501.5
"371,260",San Francisco,No,Opyn,United States,,,,01-Aug-20,https://decrypt.co/37671/blatant-bug-led-to-370000-defi-hack-say-experts,August,USD Coin (USDC),2020,371260,371260
,,Yes,Merlin Lab,/,,,,01-May-21,https://rekt.news/merlin3-rekt/,May,Merlin (MERL),2021,330000,330000
"1,271",Atlanta,No,bZx,United States,Flash Loan,,,01-Feb-20,https://newsletter.thedefiant.io/p/arbs-exploit-defi-to-make-900k-in,February,Ethereum (ETH),2020,320000,5472227
"40000 (BTC)
40000 (USD)",,Yes,Bitcoinica,New Zealand,there were beliefs that it was the Founder,,,01-Jul-12,https://bitcoinmagazine.com/business/the-july-13-bitcoinica-investigation-and-sound-justice-1343490976,July,"Bitcoin (BTC)
US DOllar (USD)",2012,305200,2280560000
42,New York,No,Uniswap,United States,,,,01-Apr-20,https://www.theblockcrypto.com/amp/linked/62346/multicoin-capital-backed-defi-protocol-dforce-loses-25m-total-locked-value-in-an-exploit,April,The Tokenized Bitcoin (IMBTC),2020,300000,2420969
308 (ETH),Illinois,No,EtherDelta,United States,,,,01-Dec-17,https://news.bitcoin.com/one-week-etherdelta-hack-funds-still-stolen/,December,"Ethereum (ETH)
Others",2017,270000,270000
"17,000",,Yes,Bitomat,Poland,Were bought by MT Gox,,,01-Jul-11,https://bitcoinmagazine.com/markets/infographic-overview-compromised-bitcoin-exchange-events-2,July,Bitcoin (BTC),2011,261800,969238000
"24,000",New York,Yes,BitFloor,United States,,,,01-Sep-12,https://bitcoinmagazine.com/business/bitfloor-hacked-250000-missing-1346821046,September,Bitcoin (BTC),2012,250000,1368336000
"USDC
USDT",California,No,SafeDollar,United States,,,,01-Jun-21,https://beincrypto.com/defi-exploit-streak-hits-polygon-safedollar-crashes-zero/,June,"SafeDollar (SDO)
USD Coin (USDC)
Tether (USDT)",2021,248000,248000
"43,554",,Yes,Bitcoinica,New Zealand,Due to cloud hosting provider Linode,,,01-Mar-12,https://siliconangle.com/2012/03/02/linode-breach-leads-to-massive-heist-of-46000-btc-from-bitcoinica-faucet/,March,Bitcoin (BTC),2012,214285.68,2483187756
,,No,IronFinance,/,,,,01-Mar-21,https://beincrypto.com/iron-finance-defi-exploit-explained-post-mortem/,March,SIL Tokens,2021,170000,170000
"1,454",,Yes,Vircurex,China,,https://www.nasdaq.com/articles/infographic%3A-an-overview-of-compromised-bitcoin-exchange-events-2020-02-25,,01-May-13,https://www.coindesk.com/markets/2018/01/12/former-customers-sue-crypto-exchange-vircurex-over-frozen-funds/,May,Bitcoin (BTC),2013,169216.52,82898356
"9352.49 (PERP)
1.44 (YFI)
2437.94 (SUSHI)
10.62 (ETH)",Zug,No,THORChain,Switzerland,,,,01-Jul-21,https://medium.com/thorchain/eth-parsing-error-and-exploit-3b343aa6466f,July,"Perpetual Protocol (PERP)
yearn.finance (YFI)
SushiSwap (SUSHI)
Ethereum (ETH)",2021,139000,224739.5
73000,,No,Monappy,Japan,,https://cointelegraph.com/news/japan-hacker-involved-in-15-mln-yen-crypto-theft-referred-to-prosecutors,,01-Aug-18,https://cryptomode.com/the-monappy-and-monacoin-web-wallet-hacker-is-a-japanese-teenager/,August,MonaCoin (MONA),2018,134196,129940
"1,300",,No,PicoStocks,Marshall Islands,,https://coiniq.com/cryptocurrency-exchange-hacks/,,01-Jun-13,https://www.wired.com/2017/05/one-scrappy-startup-survived-early-bitcoin-wars/,June,Bitcoin (BTC),2013,130000,74118200
315,,No,ShapeShift,Switzerland,,,,01-Mar-16,,March,Bitcoin (BTC),2016,130000,17959410
,,Yes,Levyathan,/,,,,01-Jul-21,https://www.bsc.news/post/levyathan-falls-casualty-to-unlimited-mint-exploit-despite-certik-audit,July,Levyathan Token (LEV),2021,100000,0
485,,Yes,Bitcash,Czech Republic,,,,01-Nov-13,https://cointelegraph.com/news/hackers_attacked_czech_bitcoin_exchange_and_emptied_users_wallets,November,Bitcoin (BTC),2013,100000,27651790
"97 (BTC)
3600 (ETH)
1900 (LTC)",,No,ShapeShift,Switzerland,All 3 attacks within a month all from or due to one employee,,,01-Apr-16,https://www.coindesk.com/markets/2016/04/18/shapeshift-lost-230k-in-string-of-thefts-report-finds/,April,"Bitcoin (BTC)
Ethereum (ETH)
Litecoin (LTC)",2016,100000,21403290
"18,547",,Yes,Bitcoinica,New Zealand,,,,01-May-12,https://threatpost.com/breach-bitcoinica-exchange-nets-87000-online-currency-051412/76559/,May,Bitcoin (BTC),2012,87000,1057438658
"1,500,000",,No,Crypto Rush,/,,,,01-Mar-14,https://www.blackenterprise.com/currency-heist-steals-70000-bitcoin/,March,Blackcoin,2014,70000,80664
"6.929 coins (BTC)
23.210 coins (ETH)
3924082 coins (ARRR)
414154 coins (VRSC)
1066 coins (KMD)",,Yes,Altsbit,Italy,,https://cointelegraph.com/news/hacked-italian-exchange-altsbit-to-shut-down-in-may-2020,,01-Feb-20,https://www.zdnet.com/article/altsbit-says-hack-has-left-the-cryptocurrency-exchange-with-next-to-no-funds/,February,"Bitcoin (BTC)
Ethereum (ETH)
Pirate Coin (ARRR)
Verus (VRSC)
Komodo (KMD)",2020,70000,7895034.6
,Christchurch,Yes,Cryptopia,New Zealand,,,,01-Feb-21,https://www.stuff.co.nz/national/crime/124249161/assets-worth-62000-allegedly-stolen-from-liquidated-company-cryptopia,February,Stakenet (XSN),2021,62000,62000
77,Delaware,No,Poloniex,United States,,,,01-Mar-14,https://arstechnica.com/information-technology/2014/03/yet-another-exchange-hacked-poloniex-loses-around-50000-in-bitcoin/,March,Bitcoin (BTC),2014,50000,4390078
"146,359",Paris,No,Leo Finance,France,,,,01-Oct-20,https://www.cryptopolitan.com/wleo-defi-project-hacked-again/,October,Wrapped Leo (WLEO),2020,40000,39641.3
"165.38 (ETH)
4000 USD (BOOTY)",California,No,Spank Chain,United States,,,,01-Oct-18,https://cointelegraph.com/news/hackers-breach-smart-contract-on-ethereum-based-adult-entertainment-platform-spankchain,October,"Ethereum (ETH)
Booty (BOOTY)",2018,38000,712035.3
7.95205862,Helsinki,No,LocalBitcoins,Finland,,,,01-Jan-19,https://www.zdnet.com/article/localbitcoins-blames-security-breach-on-forum-third-party-software/,January,Bitcoin (BTC),2019,28200,453378.7
"1,000",,Yes,796,China,,,,01-Jan-15,https://cointelegraph.com/news/chinese-exchange-suffers-1000-btc-loss-in-uncertain-service-compromise,January,Bitcoin,2015,26335,57014000
"5,000",,Yes,Bitcoin7,Bulgaria,,,,01-Oct-11,https://news.bitcoin.com/bitcoin-exchange-thefts-forgotten/,October,Bitcoin (BTC),2011,25150,285070000
"2,000",Shibuya,Yes,MT Gox,Japan,,,,01-Jun-11,https://blockonomi.com/mt-gox-hack/,June,Bitcoin (BTC),2011,19140,114028000
"200,000,000",,No,Crex24,Estonia,,,,01-Feb-20,https://cointelegraph.com/news/crex24-exchange-accused-of-hiding-hack-from-customers,February,HTML Coin (HTML),2020,11200,32058
,Tokyo,No,Sushi (sushiSwap),Japan,,,,01-Nov-20,https://cointelegraph.com/news/as-token-price-rises-and-reputation-mends-sushiswap-foils-midnight-exploit,November,"Wrapped Ethereum (WETH)
Maker (MKR)",2020,10000,10000
17,Helsinki,No,LocalBitcoins,Finland,,,,01-Jan-15,https://www.coindesk.com/markets/2015/01/29/localbitcoins-user-funds-stolen-after-chat-client-hack/,January,Bitcoin (BTC),2015,3966.95,969238
10,Florida,No,Balancer,United States,Flash Loan,,,01-Jun-20,https://cointelegraph.com/news/hacker-steals-balancers-comp-allowance-in-second-attack-within-24-hours,June,Compound Token (COMP),2020,2300,2840.6
,,No,inputs.io,Australia,,,,01-Oct-13,https://www.wired.com/2013/11/inputs/,October,Bitcoin (BTC),2013,,
,,Yes,Cointrader,Canada,Alleged Hack,,,01-Mar-16,https://www.coindesk.com/markets/2016/03/30/bitcoin-exchange-cointrader-shuts-down-after-alleged-hack/,March,Bitcoin (BTC),2016,,
"3,000",Prague,No,Slush,Czech Republic,Due to cloud hosting provider Linode,,,01-Mar-12,https://bitcoinmagazine.com/business/the-bitcoinica-linode-theft-and-what-it-means-for-bitcoin-1330805009,March,Bitcoin (BTC),2012,,171042000
,,Yes,Bitcurex,Poland,,,,01-Mar-14,https://www.coindesk.com/markets/2014/03/14/polish-bitcoin-exchange-bitcurex-targeted-by-hacking-attack/,March,Bitcoin (BTC),2014,,
,,Yes,LiveCoin,Russia,,,,01-Dec-20,https://www.zdnet.com/article/russian-crypto-exchange-livecoin-hacked-after-it-lost-control-of-its-servers/,December,"Bitcoin (BTC)
Ethereum (ETH)",2020,,
"57 (BTC)
2200 (ETH)",,No,ShapeShift,Switzerland,,,,01-Apr-16,https://news.bitcoin.com/looting-fox-sabotage-shapeshift/,April,"Bitcoin (BTC) 
Ethereum (ETH)",2016,,12721788
